{
  "keys" : {
    "UnresolvedIntent.unresolvedMessage" : {
      "annotation" : "Message displayed when no answer intent gets resolved for a user message",
      "extensionType" : null,
      "message" : "Sorry, I didn't get that. Can you try again with different wording?",
      "trackingId" : "06A5BC41-602F-4B6C-92DE-0B91AD70AA39"
    },
    "systemAnswer_dummy.ans.intent1" : {
      "annotation" : null,
      "extensionType" : null,
      "message" : "Answer1",
      "trackingId" : "12458CB4-5F3D-488A-AB88-15D43F5D6D13"
    },
    "systemAnswer_dummy.ans.intent2" : {
      "annotation" : null,
      "extensionType" : null,
      "message" : "Answer2",
      "trackingId" : "7DB52063-A8FC-4553-B4BA-B8DF29AD58AC"
    },
    "systemAnswer_dummy.ans.intent3" : {
      "annotation" : null,
      "extensionType" : null,
      "message" : "Answer3",
      "trackingId" : "BF518EB5-720C-4C72-9D86-67EF45EDDCFD"
    },
    "systemComponent_AgentConversation_conclusionMessage" : {
      "annotation" : "The message shown to the user when human agent ends the chat.",
      "extensionType" : null,
      "message" : "Chat session ended. Thanks for chatting with us.",
      "trackingId" : "B2401701-9A06-4018-A61B-C30C67156323"
    },
    "systemComponent_AgentConversation_errorMessage" : {
      "annotation" : "The message shown to the user when Digital Assistant experiences errors with the agent chat system.",
      "extensionType" : null,
      "message" : "Chat session error. The reason is: {0}.",
      "trackingId" : "0C1FF93B-B484-4A95-BC4B-2B4D6CE5BE73"
    },
    "systemComponent_AgentConversation_exitKeywords" : {
      "annotation" : "Comma-delimited list of keywords the user can use to end the chat with the agent.",
      "extensionType" : null,
      "message" : "bye, take care, see you, goodbye",
      "trackingId" : "9D1CA5D9-6867-4222-8C57-EE03F7DA4268"
    },
    "systemComponent_AgentConversation_expiryMessage" : {
      "annotation" : "The message shown to the user when the chat session expires.",
      "extensionType" : null,
      "message" : "Chat session expired. Thanks for chatting with us.",
      "trackingId" : "34CCDA90-F9C7-4D8C-8E66-2E6D258D08FF"
    },
    "systemComponent_AgentConversation_userLeftMessage" : {
      "annotation" : null,
      "extensionType" : null,
      "message" : "User left the chat.",
      "trackingId" : "D26ACE8C-6404-4F80-B5B8-DA6B4719771C"
    },
    "systemComponent_AgentConversation_waitExpiryMessage" : {
      "annotation" : "The message shown to the user when the chat expires while waiting for an agent.",
      "extensionType" : null,
      "message" : "The request for live chat expired while waiting for an agent.",
      "trackingId" : "6B4F8C5A-83CA-48A1-92CC-76E1EEABA119"
    },
    "systemComponent_AgentInitiation_agentActionsMessage" : {
      "annotation" : "Message preceding the list of agent actions.",
      "extensionType" : null,
      "message" : "\\n Here are the available actions that you can send to transfer the conversation back to the bot. Prepend the action with a forward slash (for example, /actionName).\\n",
      "trackingId" : "BFE72CB4-571A-4ECE-8FB3-0737F0080572"
    },
    "systemComponent_AgentInitiation_errorMessage" : {
      "annotation" : "The message shown to user when system error occurs during chat initiation with agent.",
      "extensionType" : null,
      "message" : "Error transferring to agent. The reason is: {0}.",
      "trackingId" : "049E6719-676D-4D8A-BDC8-7066CE33B681"
    },
    "systemComponent_AgentInitiation_rejectedMessage" : {
      "annotation" : "The message shown to the user when human agent rejects the chat request.",
      "extensionType" : null,
      "message" : "Agent rejected.",
      "trackingId" : "77F1DF3C-05BB-425C-8A59-A87709743123"
    },
    "systemComponent_AgentInitiation_resumedMessage" : {
      "annotation" : "The message shown to the user when the chat with human agent is resumed.",
      "extensionType" : null,
      "message" : "Resuming chat with agent",
      "trackingId" : "9F617E0E-DA0F-4762-A63E-F27B1D926348"
    },
    "systemComponent_AgentInitiation_waitingMessage" : {
      "annotation" : "The message that's shown to users when they are waiting for a human agent.",
      "extensionType" : null,
      "message" : "Agent chat session established, Waiting for agent to join.",
      "trackingId" : "A4791EFF-17AB-4EAB-B952-300574EB6183"
    },
    "systemComponent_AgentTransferCondition_errorMessage" : {
      "annotation" : "The message shown to the user when Digital Assistant experiences trouble checking agent status with the agent chat system.",
      "extensionType" : null,
      "message" : "We were unable to check the status of other agents because there was a system error.",
      "trackingId" : "ED252139-5117-409A-827A-02D59C638949"
    },
    "systemComponent_AgentTransfer_acceptedMessage" : {
      "annotation" : "The message that's shown to the users whenever a human agent accepts the chat request.",
      "extensionType" : null,
      "message" : "The chat has been transferred to another agent.",
      "trackingId" : "219062C2-AE8B-4C4F-90A6-521BE1EB0990"
    },
    "systemComponent_AgentTransfer_errorMessage" : {
      "annotation" : "The message shown to the user when Digital Assistant experiences trouble with the agent chat system.",
      "extensionType" : null,
      "message" : "We were unable to transfer you to another agent because there was a system error.",
      "trackingId" : "E8F835C7-CB97-4031-A86E-54431D084651"
    },
    "systemComponent_AgentTransfer_rejectedMessage" : {
      "annotation" : "The message that's shown to the users whenever a human agent rejects the chat request, 'maxEngagementsInQueue' is exceeded, the 'allowTransferIf' condition is not met, or the estimated wait time exceeds 'maxWaitSeconds'.",
      "extensionType" : null,
      "message" : "Agent rejected.",
      "trackingId" : "07421ACE-7277-496E-AA6A-B6FBFBBC8566"
    },
    "systemComponent_AgentTransfer_waitingMessage" : {
      "annotation" : "The message that's shown to users when they're transferred to a human agent.",
      "extensionType" : null,
      "message" : "Agent chat session established, Waiting for agent to join.",
      "trackingId" : "23B3D00A-3388-4F40-81C5-B907288281D3"
    },
    "systemComponent_CommonResponse_formTitle" : {
      "annotation" : "Default title shown in form dialog when using table-form message type on Slack.",
      "extensionType" : null,
      "message" : "View details",
      "trackingId" : "AC1A4B94-0C15-4CC9-8712-2D5DF7CD46CE"
    },
    "systemComponent_CommonResponse_showFormButtonLabel" : {
      "annotation" : "Button label to open form when using a table-form layout.",
      "extensionType" : null,
      "message" : "View",
      "trackingId" : "3CBE5D00-B232-4BD3-B5B0-D59C7F322DDA"
    },
    "systemComponent_Feedback_feedbackPrompt" : {
      "annotation" : "It is the prompt shown to the user to select rating for the conversation.",
      "extensionType" : null,
      "message" : "How would you rate this conversation?",
      "trackingId" : "3CF0D727-BE7B-4F02-8ABA-BE584F8A0279"
    },
    "systemComponent_Feedback_invalidValuePrompt" : {
      "annotation" : "It is the prompt shown to the user to select rating for the conversation after user inputs an invalid value for rating.",
      "extensionType" : null,
      "message" : "Value submitted for feedback rating is invalid. Please try again",
      "trackingId" : "AC395B3C-CB4C-4439-96B7-273C904CD9DD"
    },
    "systemComponent_Feedback_ratingButtonLabels" : {
      "annotation" : "Comma separated list of labels displayed on rating buttons in feedback component.",
      "extensionType" : null,
      "message" : "1,2,3,4,5",
      "trackingId" : "8957ACF2-A773-40E6-BDFB-D5F378314280"
    },
    "systemComponent_Feedback_skipLabel" : {
      "annotation" : "The label of the skip button to skip the feedback.",
      "extensionType" : null,
      "message" : "Skip",
      "trackingId" : "E0F59E2C-2D10-433B-A186-07A886C322B4"
    },
    "systemComponent_Feedback_textFeedbackPrompt" : {
      "annotation" : "Prompt shown to user asking them to provide text feedback when they give a rating below threshold.",
      "extensionType" : null,
      "message" : "Any feedback?",
      "trackingId" : "F87F0415-2D05-461A-835B-6F160718EDB9"
    },
    "systemComponent_Feedback_thankYouPrompt" : {
      "annotation" : "It is the prompt shown to the user when transition set by user is not defined in dialog flow.",
      "extensionType" : null,
      "message" : "Thank you",
      "trackingId" : "013DFB66-160C-4557-8FA4-C105F375F349"
    },
    "systemComponent_IncidentCreation_successMessage" : {
      "annotation" : "The message that's shown to users when an incident is created successfully",
      "extensionType" : null,
      "message" : "Incident created successfully. Incident number : {0} .",
      "trackingId" : "32938F9C-7044-4D06-AE15-45F5CD5C6629"
    },
    "systemComponent_IntelligentAdvisor_answerNotValid" : {
      "annotation" : "Message that's displayed for Intelligent Advisor interview inputs of type Masked when the user's answer doesn't conform to the specified input mask.",
      "extensionType" : null,
      "message" : "The answer is not in the correct format. Try again.",
      "trackingId" : "512203A0-FCE0-4C52-A8E7-4F2E05AA0EBD"
    },
    "systemComponent_IntelligentAdvisor_defaultValue" : {
      "annotation" : "Text that's added to a question when the Intelligent Advisor interview input has a default value.",
      "extensionType" : null,
      "message" : "Suggested value is {0}.",
      "trackingId" : "28EFE668-9EB7-463E-9C2A-2DC4B106A0D1"
    },
    "systemComponent_IntelligentAdvisor_doneHelp" : {
      "annotation" : "Help message that's displayed for Intelligent Advisor interview inputs of type Upload.",
      "extensionType" : null,
      "message" : "When you are done with the upload, say {0}.",
      "trackingId" : "EA3F22A9-8FF3-42E3-A620-0F348CFA06D4"
    },
    "systemComponent_IntelligentAdvisor_doneLabel" : {
      "annotation" : "The text that users have to type to indicate that they are done uploading a file.",
      "extensionType" : null,
      "message" : "/done",
      "trackingId" : "47EC8A73-B775-41C4-9375-BFA95AC8FA8D"
    },
    "systemComponent_IntelligentAdvisor_endLabel" : {
      "annotation" : "The label that is shown in the chat at the end of the interview.",
      "extensionType" : null,
      "message" : "Interview ended",
      "trackingId" : "77975500-7986-4B1D-867D-5542BADC1ED0"
    },
    "systemComponent_IntelligentAdvisor_exitLabel" : {
      "annotation" : "The text that users have to type to indicate that they want to exit the interview.",
      "extensionType" : null,
      "message" : "/exit",
      "trackingId" : "97738357-AB82-424B-A718-9D49EDE3BECA"
    },
    "systemComponent_IntelligentAdvisor_explanationAskLabel" : {
      "annotation" : "The question that is asked when showExplanation is set to 'ask'.",
      "extensionType" : null,
      "message" : "Do you want to see the explanation?",
      "trackingId" : "8E137989-0B1C-42DC-A5C2-1A8EDF357855"
    },
    "systemComponent_IntelligentAdvisor_maskLabel" : {
      "annotation" : "Text that's added to a question to display the expected format for Intelligent Advisor interview inputs of type Masked Text Box.",
      "extensionType" : null,
      "message" : "Answer format: {0}",
      "trackingId" : "0544B8F6-21B8-474B-95C7-369A543402D0"
    },
    "systemComponent_IntelligentAdvisor_noLabel" : {
      "annotation" : "The label to use to represent Boolean FALSE values.",
      "extensionType" : null,
      "message" : "No",
      "trackingId" : "1362CE6D-674D-4EA9-99BD-C9FE01E5B743"
    },
    "systemComponent_IntelligentAdvisor_numberMinMax" : {
      "annotation" : "Message that's displayed when the user enters a value outside of the specified range for an Intelligent Advisor interview input of type Slider.",
      "extensionType" : null,
      "message" : "Enter a number between {0} and {1}.",
      "trackingId" : "69992C09-4B83-45F2-BB43-C11380D7492B"
    },
    "systemComponent_IntelligentAdvisor_outOfOrderMessage" : {
      "annotation" : "Error message that's displayed when the user taps a button in a previous Intelligent Advisor interview message.",
      "extensionType" : null,
      "message" : "You have already answered this question. When you want to step backwards to change a previous answer, say {0}.",
      "trackingId" : "B4944E72-BD41-40E3-A7F6-B2DF5BD6F6DD"
    },
    "systemComponent_IntelligentAdvisor_resetLabel" : {
      "annotation" : "The text that users have to type to indicate that they want to go back to the first question.",
      "extensionType" : null,
      "message" : "/reset",
      "trackingId" : "1B2C89ED-3F29-4358-8391-DF8C38A49F16"
    },
    "systemComponent_IntelligentAdvisor_resumeSessionPrompt" : {
      "annotation" : "Question that is asked if the user starts an interview that they had previously left before the interview completed.",
      "extensionType" : null,
      "message" : "Do you want to restart the interview from where you previously left?",
      "trackingId" : "1E2F02E2-BD1D-449F-B7F2-CFA9DCDC61B8"
    },
    "systemComponent_IntelligentAdvisor_uncertainLabel" : {
      "annotation" : "The label that appears for optional values and is what the user can type if they don't know the value.",
      "extensionType" : null,
      "message" : "Uncertain",
      "trackingId" : "01B2BFAF-B5CD-48C8-80C6-6AD2EE54857A"
    },
    "systemComponent_IntelligentAdvisor_undoLabel" : {
      "annotation" : "The text that users have to type to indicate that they want to go back to the previous question.",
      "extensionType" : null,
      "message" : "/back",
      "trackingId" : "247CAAB5-DB00-4BF4-924C-9076FF5B4AD3"
    },
    "systemComponent_IntelligentAdvisor_yesLabel" : {
      "annotation" : "The label to use to represent Boolean TRUE values.",
      "extensionType" : null,
      "message" : "Yes",
      "trackingId" : "07147F19-6FBB-447D-94B9-E8550BD1A452"
    },
    "systemComponent_IntelligentAdvisor_yesNoMessage" : {
      "annotation" : "Message that's displayed when the user enters an invalid answer for Intelligent Advisor interview inputs of type Boolean Radio Button.",
      "extensionType" : null,
      "message" : "Enter either {0} or {1}",
      "trackingId" : "BAB0C025-913D-4BD0-9787-BE1F7D952720"
    },
    "systemComponent_Intent_optionsPrompt" : {
      "annotation" : "The prompt shown to the user when there are multiple top intents within the confidence win margin.",
      "extensionType" : null,
      "message" : "Do you want to",
      "trackingId" : "2A10BA74-5E7C-4E93-A4DD-3A16106174C7"
    },
    "systemComponent_Intent_optionsQnaLabel" : {
      "annotation" : "The label of the action in the options (see optionsPrompt) that will take the user to the QnA component to display the matches.",
      "extensionType" : null,
      "message" : "View Answers",
      "trackingId" : "B462A4A8-DFFA-4630-B2E8-D47391161ABB"
    },
    "systemComponent_KnowledgeSearch_defaultAttachmentLabel" : {
      "annotation" : "The default label to use for the result card's URL action that is linked with an attachment of the search result if that attachment does not have a display name configured already.",
      "extensionType" : null,
      "message" : "Download",
      "trackingId" : "0F2AD378-B3BE-4779-8912-0E9F9EF190E3"
    },
    "systemComponent_KnowledgeSearch_noResultText" : {
      "annotation" : "The text to output when no search result is available.",
      "extensionType" : null,
      "message" : "Sorry, no result was found in the knowledge search.",
      "trackingId" : "96D2B136-90E3-4644-8AD7-175EB7807BFA"
    },
    "systemComponent_KnowledgeSearch_resultLinkLabel" : {
      "annotation" : "The label to use for the result card's URL action linked to the web version of the knowledge article. If the resultLinkLabel component property is set to an empty or blank string, the card URL is hidden and the card description shows the full article.",
      "extensionType" : null,
      "message" : "View Details",
      "trackingId" : "9BE1C9B4-E359-4FCA-B0E7-0BD90095F4C5"
    },
    "systemComponent_KnowledgeSearch_searchPrelude" : {
      "annotation" : "The text to output before the search result is displayed.",
      "extensionType" : null,
      "message" : "Here's what I found:",
      "trackingId" : "C0DFF7B7-344C-4B3E-A293-116497A3C398"
    },
    "systemComponent_OAuth2AccountLink_cancelLabel" : {
      "annotation" : "The label for the cancel button that lets users leave the state without invoking the authentication dialog.",
      "extensionType" : null,
      "message" : "Cancel",
      "trackingId" : "7FCEC7BA-BDBC-41A8-A406-F2F1E9E87ADE"
    },
    "systemComponent_OAuth2AccountLink_consentNeverFinalConfirmationNoLabel" : {
      "annotation" : "The label for the final confirmation prompt no button that lets users whitelist their account permanently from being associated with a unified identity.",
      "extensionType" : null,
      "message" : "Cancel",
      "trackingId" : "939F248B-7DE6-4A3B-84AB-E3776AACEF69"
    },
    "systemComponent_OAuth2AccountLink_consentNeverFinalConfirmationPrompt" : {
      "annotation" : "The message that asks users to confirm if they want to proceed with whitelisting their account permanently from being associated with a unified identity.",
      "extensionType" : null,
      "message" : "Please confirm that this account should be whitelisted and never associated with your unified identity.",
      "trackingId" : "BE334BBD-D321-4AA2-B047-A0C7B41037A7"
    },
    "systemComponent_OAuth2AccountLink_consentNeverFinalConfirmationYesLabel" : {
      "annotation" : "The label for the final confirmation prompt yes button that lets users whitelist their account permanently from being associated with a unified identity.",
      "extensionType" : null,
      "message" : "Confirm",
      "trackingId" : "067F2475-A77B-4DFB-9D5A-46ED971A7D36"
    },
    "systemComponent_OAuth2AccountLink_consentNeverFinalPrompt" : {
      "annotation" : "The message that tells users that their account has been whitelisted permanently and will never be linked to a unified identity.",
      "extensionType" : null,
      "message" : "This {0} channel account {1} has been whitelisted and will not be associated with your unified user at all. If you change your mind please contact your System Administrator.",
      "trackingId" : "0DF3BC9F-A3F3-42AE-9021-6EF9602873AF"
    },
    "systemComponent_OAuth2AccountLink_consentNeverLabel" : {
      "annotation" : "The label for the Never button that lets users permanently decline associating their channel to a unified identity after authentication.",
      "extensionType" : null,
      "message" : "Never Link This Account",
      "trackingId" : "02708B34-0D6B-400C-9DB1-D9DC23BF16F5"
    },
    "systemComponent_OAuth2AccountLink_consentNotNowFinalPrompt" : {
      "annotation" : "The message that tells users  that they have temporarily declined associating their channel to a unified identity.",
      "extensionType" : null,
      "message" : "This {0} channel account {1} will not be associated with your unified user at this time.",
      "trackingId" : "B5A0214F-A5B9-4E75-93F5-1099AC6BD249"
    },
    "systemComponent_OAuth2AccountLink_consentNotNowLabel" : {
      "annotation" : "The label for the Not Now button that lets users temporarily decline associating their channel to a unified identity after authentication.",
      "extensionType" : null,
      "message" : "Not At This Time",
      "trackingId" : "D5C2A145-E911-4DFA-BFEE-57186D052B76"
    },
    "systemComponent_OAuth2AccountLink_consentNotifyPrompt" : {
      "annotation" : "The message that informs users that their channel identity will be associated with the authenticated user identity.",
      "extensionType" : null,
      "message" : "This {0} channel account {1} is now associated with your unified user.",
      "trackingId" : "ACF3BD72-327D-4F6E-8010-9FDF1791940C"
    },
    "systemComponent_OAuth2AccountLink_consentPrompt" : {
      "annotation" : "The message that tells users to choose if they consent to associate their channel identity with the authenticated user identity.",
      "extensionType" : null,
      "message" : "Would you like to link this account to your list of user accounts to enable a unified cross channel user?",
      "trackingId" : "7C0FC40C-ABDC-492D-9B56-D59195864028"
    },
    "systemComponent_OAuth2AccountLink_consentYesLabel" : {
      "annotation" : "The label for the Yes button that lets users associate their channel to a unified identity after authentication.",
      "extensionType" : null,
      "message" : "Associate Account",
      "trackingId" : "4D3296E1-5F97-43B5-8111-BEED551326CE"
    },
    "systemComponent_OAuth2AccountLink_linkLabel" : {
      "annotation" : "The label for the button that invokes the authentication dialog.",
      "extensionType" : null,
      "message" : "Get an access token",
      "trackingId" : "CB5560D1-5664-4953-A402-FA0C1110B722"
    },
    "systemComponent_OAuth2AccountLink_prompt" : {
      "annotation" : "The message that tells users to sign in now.",
      "extensionType" : null,
      "message" : "Please sign in",
      "trackingId" : "B1C1C1F3-7681-455B-B338-6C05A1288A5E"
    },
    "systemComponent_OAuthAccountLink_cancelLabel" : {
      "annotation" : "The label for the cancel button that lets users leave the state without invoking the authentication dialog.",
      "extensionType" : null,
      "message" : "Cancel",
      "trackingId" : "CD72B23E-9D3B-4906-A6AD-358F79F29BBB"
    },
    "systemComponent_OAuthAccountLink_linkLabel" : {
      "annotation" : "The label for the button that invokes the authentication dialog.",
      "extensionType" : null,
      "message" : "Log In",
      "trackingId" : "D4E2A294-5363-4606-9A3E-81390CB173C3"
    },
    "systemComponent_OAuthAccountLink_prompt" : {
      "annotation" : "The message that tells users to sign in now.",
      "extensionType" : null,
      "message" : "Please tap on the link to proceed",
      "trackingId" : "886529C4-6306-4932-A84D-B76ED9977BBF"
    },
    "systemComponent_QnA_answersLabel" : {
      "annotation" : "The label for the action to view answers in a particular category.",
      "extensionType" : null,
      "message" : "Answers",
      "trackingId" : "10D0F325-1FEE-4E84-BD0B-3135F239B8F5"
    },
    "systemComponent_QnA_categoriesLabel" : {
      "annotation" : "The label for the action to display the categories that match the user utterance.",
      "extensionType" : null,
      "message" : "Categories",
      "trackingId" : "9A2A12DB-7313-46C4-8A34-FC9E2811B833"
    },
    "systemComponent_QnA_exitLabel" : {
      "annotation" : "The label for the exit questions action.",
      "extensionType" : null,
      "message" : "Exit Questions",
      "trackingId" : "A8096741-714B-46BA-972B-790A4A866C2F"
    },
    "systemComponent_QnA_moreAnswersLabel" : {
      "annotation" : "The label for the action to paginate to next set of answers.",
      "extensionType" : null,
      "message" : "More Answers",
      "trackingId" : "2C7C5EE5-B544-4981-9C29-CE72E363DC85"
    },
    "systemComponent_QnA_moreCategoriesLabel" : {
      "annotation" : "The label for the action to paginate to next set of categories.",
      "extensionType" : null,
      "message" : "More Categories",
      "trackingId" : "F9FF9BAF-193B-4730-B48D-E6805A7583C3"
    },
    "systemComponent_QnA_subCategoriesLabel" : {
      "annotation" : "The label for the action to display sub-categories within a given category.",
      "extensionType" : null,
      "message" : "Sub-Categories",
      "trackingId" : "8EE723A9-9203-4BB8-9DD5-4EAD3D94DDCD"
    },
    "systemComponent_QnA_viewAnswerLabel" : {
      "annotation" : "The label for the action to view answer details.",
      "extensionType" : null,
      "message" : "View",
      "trackingId" : "BFF9CBDD-7A26-4C28-9A09-CA952EFFF8D2"
    },
    "systemComponent_ResolveEntities_bagItemsDisambiguationPrompt" : {
      "annotation" : "The prompt used for disambiguation if an entity match applies to more than one composite bag item.",
      "extensionType" : null,
      "message" : "Which item do you want to set to ''{0}''?",
      "trackingId" : "7954C834-F78B-4308-9C66-0FC8F2719D19"
    },
    "systemComponent_ResolveEntities_defaultDisambiguationPrompt" : {
      "annotation" : "Default message shown when the user entered ambiguous input causing multiple entity matches.",
      "extensionType" : null,
      "message" : "Please select one value for {0}",
      "trackingId" : "2E77F5EC-C132-4AEB-BDE8-963F305EE904"
    },
    "systemComponent_ResolveEntities_defaultPrompt" : {
      "annotation" : "Default message shown to prompt the user for input.",
      "extensionType" : null,
      "message" : "Please enter {0}",
      "trackingId" : "FC0AE305-D5EE-44F6-8824-9AD439DCA545"
    },
    "systemComponent_ResolveEntities_showMoreLabel" : {
      "annotation" : "The label used for the forward pagination button when the number of enumeration values, or disambiguation matches exceeds the 'Enumeration Range Size' property of the composite bag item.",
      "extensionType" : null,
      "message" : "Show More",
      "trackingId" : "5122975C-7949-4DF5-8B4E-3BCEDCCA47C7"
    },
    "systemComponent_ResolveEntities_showPreviousLabel" : {
      "annotation" : "The label used for the backward pagination button when the number of enumeration values, or disambiguation matches exceeds the 'Enumeration Range Size' property of the composite bag item.",
      "extensionType" : null,
      "message" : "Show Previous",
      "trackingId" : "FE962E4C-31F1-4039-B4F1-001BFE4A14E9"
    },
    "systemComponent_SelectCalendarEvent_acceptedLabel" : {
      "annotation" : "The text used to indicate that the invite was accepted.",
      "extensionType" : null,
      "message" : "Accepted",
      "trackingId" : "52FE5C0A-EA28-43BB-A92B-61C934690607"
    },
    "systemComponent_SelectCalendarEvent_allDayLabel" : {
      "annotation" : "The text used to indicate all-day events.",
      "extensionType" : null,
      "message" : "All day",
      "trackingId" : "1542B4D5-774A-4CB8-BC0C-258CFCE18E2C"
    },
    "systemComponent_SelectCalendarEvent_declinedLabel" : {
      "annotation" : "The text used to indicate that the invite was declined.",
      "extensionType" : null,
      "message" : "Declined",
      "trackingId" : "2C19C6E2-01AA-43B5-834C-79DFB1D1FB26"
    },
    "systemComponent_SelectCalendarEvent_pendingLabel" : {
      "annotation" : "The text used to indicate that the invite status is still pending.",
      "extensionType" : null,
      "message" : "Pending",
      "trackingId" : "06DAC08E-FFE4-45C0-87AC-EC54CAB13AE2"
    },
    "systemComponent_SelectCalendarEvent_prompt" : {
      "annotation" : "The text that appears before the list of events.",
      "extensionType" : null,
      "message" : "You have the following meeting(s):",
      "trackingId" : "57150E8C-FA2C-45C4-A601-30C90277F581"
    },
    "systemComponent_SelectCalendarEvent_recurringLabel" : {
      "annotation" : "The text used to indicate recurring events.",
      "extensionType" : null,
      "message" : "Recurring",
      "trackingId" : "D55DE574-3E59-4AA8-AF9C-AE40F883C8AE"
    },
    "systemComponent_SelectCalendarEvent_tentativeLabel" : {
      "annotation" : "The text used to indicate that the invite was tentatively accepted.",
      "extensionType" : null,
      "message" : "Tentative",
      "trackingId" : "84D1715D-CF72-4A6A-BB49-333678BCC6CB"
    },
    "systemComponent_Webview_cancelLabel" : {
      "annotation" : "The label of the cancel button to leave this state without invoking the webview.",
      "extensionType" : null,
      "message" : "Cancel",
      "trackingId" : "AFA332B9-3848-431D-945C-F191273209E3"
    },
    "systemComponent_Webview_linkLabel" : {
      "annotation" : "The label of the button to invoke the webview.",
      "extensionType" : null,
      "message" : "Tap to continue",
      "trackingId" : "D411F28D-1582-4782-B25F-11AD98FA9C1F"
    },
    "systemComponent_Webview_prompt" : {
      "annotation" : "The message for the user to tap on the link to invoke the webview.",
      "extensionType" : null,
      "message" : "Please tap on the link to proceed",
      "trackingId" : "D04BB2E3-49AE-4D2D-A91C-561E19C7CFD4"
    },
    "systemConfiguration_SQLIntent_authFailedMessage" : {
      "annotation" : "Your query requires authorization from DB but failed.",
      "extensionType" : null,
      "message" : "Authentication Failed",
      "trackingId" : "ED5E19D0-FEB1-4573-AE58-89DA09BB8923"
    },
    "systemConfiguration_SQLIntent_interpretationMessage" : {
      "annotation" : "The message shows SQL intent query interpretation for user's input message.",
      "extensionType" : null,
      "message" : "I think you want to see: {0}",
      "trackingId" : "39C41561-FFE4-46CF-A3C6-18A02A6973F7"
    },
    "systemConfiguration_SQLIntent_noResultMessage" : {
      "annotation" : "The message displayed when SQL intent query returns no result.",
      "extensionType" : null,
      "message" : "No result found",
      "trackingId" : "C8BB7860-28F3-4231-BC59-3C44351290B2"
    },
    "systemConfiguration_autoNumberPrefixSeparator" : {
      "annotation" : "The separator used between the number prefix and the postback action label.",
      "extensionType" : null,
      "message" : ".",
      "trackingId" : "E723C452-D070-4C1E-8B85-01D7297EE0A8"
    },
    "systemConfiguration_autoNumberPrefixes" : {
      "annotation" : "The prefixes used for auto-numbering postback action labels.",
      "extensionType" : null,
      "message" : "1,2,3,4,5,6,7,8,9,10,11,12,13,14,15,16,17,18,19,20",
      "trackingId" : "B4A4276A-F884-4694-A25F-1C9DCE1C888A"
    },
    "systemConfiguration_conversationHistoryActionInvalidPrompt" : {
      "annotation" : "Message to display when a user clicks on a choice in the conversation history that can no longer be processed.",
      "extensionType" : null,
      "message" : "Sorry, this choice is no longer available.",
      "trackingId" : "85BA39EE-9F66-406A-8C27-61262EFBEA74"
    },
    "systemConfiguration_errorExpiredSessionPrompt" : {
      "annotation" : "The message when the session has expired.",
      "extensionType" : null,
      "message" : "Your session has expired.  Please start again.",
      "trackingId" : "455A1E86-8AEE-4B1C-B1C7-6484280DC607"
    },
    "systemConfiguration_errorMaxStatesExceededPrompt" : {
      "annotation" : "The message when the bot appears to be in an infinite loop.",
      "extensionType" : null,
      "message" : "Your session appears to be in an infinite loop.",
      "trackingId" : "F21AF2E8-F9B5-408C-A5B1-91A222270F64"
    },
    "systemConfiguration_errorUnexpectedErrorPrompt" : {
      "annotation" : "The message when there is an unexpected error.",
      "extensionType" : null,
      "message" : "Oops I'm encountering a spot of trouble. Please try again later...",
      "trackingId" : "79EB5448-F05F-44E5-A586-072FBF888B13"
    },
    "systemConfiguration_feedbackConfirmationNegative" : {
      "annotation" : "Confirmation message shown to the user when negative feedback has been provided.",
      "extensionType" : null,
      "message" : "Thank you for the feedback, I am sorry the answer was not helpful, I will try to improve!",
      "trackingId" : "9C4429E7-7B28-47AA-BB63-31F9EAE62F27"
    },
    "systemConfiguration_feedbackConfirmationPositive" : {
      "annotation" : "Message shown to the user when positive feedback has been provided.",
      "extensionType" : null,
      "message" : "Thank you for the feedback.",
      "trackingId" : "E91C6D26-CD23-4976-924D-E8027A1CCC81"
    },
    "systemConfiguration_feedbackPrompt" : {
      "annotation" : "Prompt used to solicit user feedback for a message shown to the user.",
      "extensionType" : null,
      "message" : "Is this answer helpful?",
      "trackingId" : "EF352EDC-D4A3-449C-B673-E4B74D166BC9"
    },
    "systemConfiguration_internalWelcomeMessage" : {
      "annotation" : "The internal message sent to the skill when a channel handles the event that a new user has gotten access to the skill. The reply to the internal message is sent as welcome message to the new user.",
      "extensionType" : null,
      "message" : "help",
      "trackingId" : "C8C912BE-E51F-4D53-8207-D5414D1D3B5A"
    },
    "systemConfiguration_noLabel" : {
      "annotation" : "The label for the answer 'no'.",
      "extensionType" : null,
      "message" : "No",
      "trackingId" : "F1F77C7E-A5E4-4536-A130-995F1D69FBC0"
    },
    "systemConfiguration_oauthCancelPrompt" : {
      "annotation" : "The message when OAuth authorization is canceled.",
      "extensionType" : null,
      "message" : "Authentication canceled.",
      "trackingId" : "24BEE9E5-C6F6-45D6-9960-AA25A8FD6270"
    },
    "systemConfiguration_oauthSuccessPrompt" : {
      "annotation" : "The message when OAuth authorization succeeds.",
      "extensionType" : null,
      "message" : "Authentication successful! You can return to the conversation.",
      "trackingId" : "025535FC-8C7B-4AE6-B46A-D52B54FCD7BD"
    },
    "systemConfiguration_openLinkLabel" : {
      "annotation" : "The default label for a link.",
      "extensionType" : null,
      "message" : "Open Link",
      "trackingId" : "19B51D31-C4C6-4308-9877-885E5FB7895F"
    },
    "systemConfiguration_paginationShowNext" : {
      "annotation" : "Pagination button label to show the next set of items.",
      "extensionType" : null,
      "message" : "Next {0} Items",
      "trackingId" : "44B7E1A5-BA11-463B-B44A-4D41F76C3A4A"
    },
    "systemConfiguration_paginationStatus" : {
      "annotation" : "Information about current set of items displayed that are part of a larger set.",
      "extensionType" : null,
      "message" : "Showing {0}-{1} of {2} items",
      "trackingId" : "EDC04112-3A1E-459D-B02D-24441758ABA3"
    },
    "systemConfiguration_yesLabel" : {
      "annotation" : "The label for the answer 'yes'.",
      "extensionType" : null,
      "message" : "Yes",
      "trackingId" : "F5BD12E3-2D87-4F12-902D-5854006B8137"
    },
    "systemFlowName_dummy.ans.intent1" : {
      "annotation" : null,
      "extensionType" : null,
      "message" : "Question1",
      "trackingId" : "1E4B3DA3-1496-487B-A642-D26FA9C94889"
    },
    "systemFlowName_dummy.ans.intent2" : {
      "annotation" : null,
      "extensionType" : null,
      "message" : "Question2",
      "trackingId" : "EDFEB7AA-8AA4-48D9-9116-CB4BC5044585"
    },
    "systemFlowName_dummy.ans.intent3" : {
      "annotation" : null,
      "extensionType" : null,
      "message" : "Question3",
      "trackingId" : "DC3FE635-0881-426C-A673-AF32E7C00FE9"
    },
    "systemFlowName_unresolvedIntent" : {
      "annotation" : null,
      "extensionType" : null,
      "message" : "Unresolved",
      "trackingId" : "3F86DD32-0199-46EA-A89C-3E8FE554E262"
    },
    "systemFlowName_z.Menu" : {
      "annotation" : null,
      "extensionType" : null,
      "message" : "z.Menu",
      "trackingId" : "C2E5FA3C-7FAC-456C-B1DB-FF40C4ACE0A0"
    },
    "systemFlowName_z.Welcome" : {
      "annotation" : null,
      "extensionType" : null,
      "message" : "z.Welcome",
      "trackingId" : "6C9B9E22-6B22-4FC6-B05A-086C0FD1A44F"
    },
    "unresolvedIntent" : {
      "annotation" : "No translation! The unresolved message will not be displayed in the FAQ because unresolved intents are displayed in the unresolvedIntent flow",
      "extensionType" : null,
      "message" : "Not used",
      "trackingId" : "C2ABEC68-9FF7-40A0-8677-2FBD36F934B6"
    },
    "z.MenuOptions" : {
      "annotation" : null,
      "extensionType" : null,
      "message" : "Some things you can do",
      "trackingId" : "834E4713-8DD0-447F-85FE-C44896ED7548"
    },
    "z.Welcome" : {
      "annotation" : null,
      "extensionType" : null,
      "message" : "Welcome to FAQ Digital Assistant. I am here to help you with all questions related to Cloud free Tier",
      "trackingId" : "DC5376E8-1DD1-4B0E-8689-28B670533D39"
    },
    "z.WelcomeImageURL" : {
      "annotation" : null,
      "extensionType" : null,
      "message" : "https://cdn.shopify.com/app-store/listing_images/be8e18fe7fd62b265563360c2986633d/banner/CNbd3rn0lu8CEAE=.jpg",
      "trackingId" : "CEC0071D-FCAB-4333-8F93-BA10AFE77B37"
    },
    "z.cbe.AnswerCarouselNER.CarouselPrompt.ErrorMessage" : {
      "annotation" : "Message is shown when users selects an answer card by a positional index that does not exist. Say the user sends a message \"select fifth\" card or just types 5 and there is no fifth card. ",
      "extensionType" : null,
      "message" : "The index position you gave me to select one of the displayed answer cards is invalid.",
      "trackingId" : "602F7A75-8552-4CF8-AC83-425BDF281201"
    },
    "z.cbe.AnswerCarouselNER.CarouselPrompt.Prompt1" : {
      "annotation" : null,
      "extensionType" : null,
      "message" : "Here is a list of answers that matched your question. You can select an answer to display by tapping on its button or by sending me a message using the index number on the button. Or you can ask another question.",
      "trackingId" : "2DE14727-DBE0-4BAF-89A0-2CB107820736"
    },
    "z.cbe.AnswerCarouselNER.CarouselPrompt.Prompt2" : {
      "annotation" : null,
      "extensionType" : null,
      "message" : "The following answers would match your question. Please select an answer to display by tapping the associated button or send me a message with the button's index number. Or you ask me another question. I'm waiting.",
      "trackingId" : "1DFC7010-7DF7-40DF-B68C-D1DA7B3A98F2"
    },
    "z.cbe.AnswerCarouselNER.CarouselPrompt.Prompt3" : {
      "annotation" : null,
      "extensionType" : null,
      "message" : "Here are a few answers that match your question. To view an answer, tap the associated button or send me a message with the button's index number. If you're already happy with what I've provided, maybe you want to ask me one more question.",
      "trackingId" : "E7D98392-6473-4D6C-8A6E-FD77CC13D609"
    },
    "z.displayTopAnswer.moreButton.keywords" : {
      "annotation" : null,
      "extensionType" : null,
      "message" : "Related Answers",
      "trackingId" : "2746B257-CB0D-478B-BA16-A50C45720640"
    },
    "z.displayTopAnswer.moreButton.label" : {
      "annotation" : null,
      "extensionType" : null,
      "message" : "Related Answers",
      "trackingId" : "FF9E4415-0F0A-4267-86A5-2DE426C10935"
    },
    "z.eeh.answerCarousel.buttons.label" : {
      "annotation" : null,
      "extensionType" : null,
      "message" : "Show answer",
      "trackingId" : "E7A756F7-86CA-4448-A5D0-B3B1DAA84E86"
    },
    "z.handleNegativeFeedback.message" : {
      "annotation" : null,
      "extensionType" : null,
      "message" : "Ohh. I am sorry to hear that. Thank you for your feedback",
      "trackingId" : "22F13630-9F70-4EAF-B560-29248A0C62D4"
    },
    "z.handlePositiveFeedback.message" : {
      "annotation" : null,
      "extensionType" : null,
      "message" : "Thank you. You made my day.",
      "trackingId" : "15E45623-D861-43A6-9FF5-731C77FEBF57"
    },
    "z.showAnswer.requestFeedback.Bad" : {
      "annotation" : null,
      "extensionType" : null,
      "message" : "👎",
      "trackingId" : "91D48163-FA1B-4FF1-A72E-5563C5739D29"
    },
    "z.showAnswer.requestFeedback.Happy" : {
      "annotation" : null,
      "extensionType" : null,
      "message" : "😊",
      "trackingId" : "85FA6286-65FF-4886-BF72-6090D01FADB6"
    },
    "z.showAnswer.requestFeedback.Ok" : {
      "annotation" : null,
      "extensionType" : null,
      "message" : "👍",
      "trackingId" : "0DF0720C-6154-494B-B6FC-6F29ED8DABFC"
    },
    "z.showAnswer.requestFeedback.Sad" : {
      "annotation" : null,
      "extensionType" : null,
      "message" : "😞",
      "trackingId" : "E2C70B02-32D2-416F-BA75-9AF25CDE36C9"
    }
  },
  "languageTag" : "default"
}