{
  "botPrompts" : [ ],
  "compositeBagItems" : [ {
    "sequenceNr" : 1,
    "name" : "Answer",
    "fullName" : "Answer",
    "description" : "displays the top-level answer to a question. Adds a button if there are more",
    "type" : "STRING",
    "multiValue" : false,
    "multiLingual" : false,
    "fuzzyMatch" : false,
    "outOfOrderExtraction" : "NEVER",
    "promptForDisambiguation" : true,
    "prompts" : [ {
      "sequenceNr" : 1,
      "text" : "${rb('systemFlowName_'+'${skill.system.event.value.answerIntent.intentName}','channelType','${skill.channelType.value}')}",
      "type" : "DEFAULT"
    } ],
    "defaultEndDateToStartDate" : false,
    "trackingId" : "74E5E12A-59A9-4797-AE25-9710F880585F",
    "children" : null
  } ],
  "description" : "Displays the top matching answer to a user question",
  "eventHandler" : "EntityEventHandlers:DisplayResolvedAnswerNER_EEH",
  "fuzzyMatch" : false,
  "multiValue" : false,
  "name" : "z.cbe.DisplayResolvedAnswerNER",
  "promptForDisambiguation" : true,
  "trackingId" : "D41E7B7D-F596-4B50-8AB1-8BB88772115C",
  "type" : "COMPOSITEBAG",
  "validationRules" : [ ]
}